{
  "timestamp": "2025-11-26T19:46:11.679830",
  "catalyst_available": true,
  "catalyst_version": "0.13.0",
  "lightning_gpu_available": true,
  "system": {
    "qm_region": "H3O+",
    "n_atoms": 4,
    "total_charge": 1,
    "mm_waters": 8
  },
  "qpe_config": {
    "use_real_qpe": true,
    "n_estimation_wires": 4,
    "base_time": "auto",
    "n_trotter_steps": 10,
    "n_shots": 100,
    "active_electrons": 4,
    "active_orbitals": 4,
    "energy_warning_threshold": 1.0,
    "algorithm": "standard",
    "mapping": "jordan_wigner",
    "device_type": "auto"
  },
  "quantum_resources": {
    "active_electrons": 4,
    "active_orbitals": 4,
    "system_qubits": 8,
    "estimation_qubits": 4,
    "total_qubits": 12
  },
  "results_standard": {
    "device": "lightning.gpu",
    "energy": -76.5034401939673,
    "energy_hf": -75.32646419098317,
    "execution_time_s": 35.96054747399967,
    "atomic_charges": {
      "O0": 0.847694630221234,
      "H1": -0.05377016858279893,
      "H2": 0.10303776700137046,
      "H3": 0.10303777136019443
    }
  },
  "results_catalyst": {
    "device": "lightning.qubit",
    "energy": -76.50344019396734,
    "energy_hf": -75.32646419098322,
    "execution_time_s": 102.87734619999992,
    "atomic_charges": {
      "O0": 0.847694630221226,
      "H1": -0.05377016858279715,
      "H2": 0.10303777017648397,
      "H3": 0.10303776818508414
    },
    "catalyst_enabled": true
  }
}
