{
  "timestamp": "2026-01-21T21:23:20.528835",
  "catalyst_available": true,
  "catalyst_version": "0.14.0",
  "lightning_gpu_available": true,
  "system": {
    "qm_region": "H3O+",
    "n_atoms": 4,
    "total_charge": 1,
    "mm_waters": 8
  },
  "qpe_config": {
    "use_real_qpe": true,
    "n_estimation_wires": 4,
    "base_time": "auto",
    "n_trotter_steps": 10,
    "n_shots": 100,
    "active_electrons": 4,
    "active_orbitals": 4,
    "energy_warning_threshold": 1.0,
    "algorithm": "standard",
    "mapping": "jordan_wigner",
    "device_type": "auto"
  },
  "quantum_resources": {
    "active_electrons": 4,
    "active_orbitals": 4,
    "system_qubits": 8,
    "estimation_qubits": 4,
    "total_qubits": 12
  },
  "solvation_effect_hf": {
    "energy_vacuum_hartree": -75.32646419098317,
    "energy_solvated_hartree": -75.33215481688737,
    "stabilization_hartree": 0.00569062590419378,
    "stabilization_kcal_mol": 3.5709212467650966,
    "mm_embedding_active": true
  },
  "solvation_effect_standard_qpe": {
    "device": "lightning.gpu",
    "energy_vacuum_hartree": -76.50344019396726,
    "energy_solvated_hartree": -76.50921973590124,
    "energy_hf_solvated": -75.33215481688737,
    "stabilization_hartree": 0.005779541933975452,
    "stabilization_kcal_mol": 3.6267168912637753,
    "mm_embedding_active": true,
    "charges_vacuum": {
      "O0": 0.8476946302212367,
      "H1": -0.05377016858279848,
      "H2": 0.10303777015373816,
      "H3": 0.10303776820782906
    },
    "charges_solvated": {
      "O0": 0.848063832997684,
      "H1": 0.31329709465074085,
      "H2": -0.2462308731474947,
      "H3": 0.08486994549907523
    },
    "execution_time_vacuum_s": 30.784517764999975,
    "execution_time_solvated_s": 31.50607991800001,
    "execution_time_total_s": 62.29059768299999
  },
  "solvation_effect_catalyst_qpe": {
    "pennylane_device": "lightning.gpu",
    "jax_backend": "gpu",
    "effective_backend": "GPU (JAX CUDA)",
    "has_jax_cuda": true,
    "energy_vacuum_hartree": -76.50344019396731,
    "energy_solvated_hartree": -76.50921973590124,
    "energy_hf_solvated": -75.33215481688737,
    "stabilization_hartree": 0.005779541933932819,
    "stabilization_kcal_mol": 3.6267168912370233,
    "mm_embedding_active": true,
    "charges_vacuum": {
      "O0": 0.8476946302212323,
      "H1": -0.05377016858279715,
      "H2": 0.10303776743768034,
      "H3": 0.10303777092388455
    },
    "charges_solvated": {
      "O0": 0.848063832997676,
      "H1": 0.31329709465068234,
      "H2": -0.24623087314760173,
      "H3": 0.08486994549924476
    },
    "execution_time_vacuum_s": 79.04315124600004,
    "execution_time_solvated_s": 87.33358727300003,
    "execution_time_total_s": 166.37673851900007
  },
  "eftqc_resources": {
    "vacuum": {
      "chemical_accuracy": {
        "target_error_hartree": 0.0016,
        "hamiltonian_1norm": 63.05476372549923,
        "logical_qubits": 314,
        "toffoli_gates": 142564912,
        "qpe_iterations": 39410,
        "trotter_steps": 80
      },
      "relaxed_accuracy": {
        "target_error_hartree": 0.016,
        "hamiltonian_1norm": 63.05476372549923,
        "logical_qubits": 308,
        "toffoli_gates": 14257873,
        "qpe_iterations": 3941,
        "trotter_steps": 80
      }
    },
    "solvated": {
      "n_mm_charges": 24,
      "chemical_accuracy": {
        "target_error_hartree": 0.0016,
        "hamiltonian_1norm": 63.00193875542308,
        "logical_qubits": 314,
        "toffoli_gates": 142447459,
        "qpe_iterations": 39377,
        "trotter_steps": 80
      },
      "relaxed_accuracy": {
        "target_error_hartree": 0.016,
        "hamiltonian_1norm": 63.00193875542308,
        "logical_qubits": 308,
        "toffoli_gates": 14246358,
        "qpe_iterations": 3938,
        "trotter_steps": 80
      }
    },
    "analysis": {
      "mm_embedding_1norm_increase_percent": -0.08377633497464464,
      "error_relaxation_gate_reduction_percent": 89.99903075730163
    }
  }
}
