{
  "timestamp": "2026-02-20T12:22:25.135390",
  "catalyst_available": true,
  "catalyst_version": "0.14.0",
  "lightning_gpu_available": true,
  "jax_cuda_available": true,
  "jax_backend": "gpu",
  "system": {
    "qm_region": "H3O+",
    "n_atoms": 4,
    "total_charge": 1,
    "mm_waters": 8
  },
  "qpe_config": {
    "use_real_qpe": true,
    "n_estimation_wires": 4,
    "base_time": "auto",
    "n_trotter_steps": 10,
    "n_shots": 100,
    "active_electrons": 4,
    "active_orbitals": 4,
    "energy_warning_threshold": 1.0,
    "algorithm": "standard",
    "mapping": "jordan_wigner",
    "device_type": "auto"
  },
  "quantum_resources": {
    "active_electrons": 4,
    "active_orbitals": 4,
    "system_qubits": 8,
    "estimation_qubits": 4,
    "total_qubits": 12
  },
  "solvation_effect_hf": {
    "energy_vacuum_hartree": -75.32646419098316,
    "energy_solvated_hartree": -75.33215481688734,
    "stabilization_hartree": 0.005690625904179569,
    "stabilization_kcal_mol": 3.5709212467561793,
    "mm_embedding_active": true
  },
  "solvation_effect_standard_qpe": {
    "device": "lightning.gpu",
    "energy_vacuum_hartree": -76.50344019396726,
    "energy_solvated_hartree": -76.50921973590124,
    "energy_hf_solvated": -75.33215481688737,
    "stabilization_hartree": 0.005779541933975452,
    "stabilization_kcal_mol": 3.6267168912637753,
    "mm_embedding_active": true,
    "charges_vacuum": {
      "O0": 0.8476946302212331,
      "H1": -0.05377016858279737,
      "H2": 0.1030377697056768,
      "H3": 0.10303776865589154
    },
    "charges_solvated": {
      "O0": 0.8480638329976706,
      "H1": 0.3132970946503254,
      "H2": -0.24623087314755954,
      "H3": 0.08486994549955895
    },
    "execution_time_vacuum_s": 28.339174904016545,
    "execution_time_solvated_s": 29.095619147992693,
    "execution_time_total_s": 57.43479405200924
  },
  "solvation_effect_catalyst_qpe": {
    "pennylane_device": "lightning.gpu",
    "jax_backend": "gpu",
    "effective_backend": "GPU (JAX CUDA)",
    "has_jax_cuda": true,
    "energy_vacuum_hartree": -76.50344019396726,
    "energy_solvated_hartree": -76.5092197359012,
    "energy_hf_solvated": -75.33215481688734,
    "stabilization_hartree": 0.005779541933932819,
    "stabilization_kcal_mol": 3.6267168912370233,
    "mm_embedding_active": true,
    "charges_vacuum": {
      "O0": 0.8476946302212331,
      "H1": -0.05377016858279937,
      "H2": 0.10303776438949364,
      "H3": 0.1030377739720697
    },
    "charges_solvated": {
      "O0": 0.8480638329976724,
      "H1": 0.3132970946504632,
      "H2": -0.24623087314750913,
      "H3": 0.08486994549937221
    },
    "execution_time_vacuum_s": 78.42451081500622,
    "execution_time_solvated_s": 89.40847586799646,
    "execution_time_total_s": 167.83298668300267
  },
  "eftqc_resources": {
    "vacuum": {
      "chemical_accuracy": {
        "target_error_hartree": 0.0016,
        "hamiltonian_1norm": 63.05476372549923,
        "logical_qubits": 314,
        "toffoli_gates": 142564912,
        "qpe_iterations": 39410,
        "trotter_steps": 80
      },
      "relaxed_accuracy": {
        "target_error_hartree": 0.016,
        "hamiltonian_1norm": 63.05476372549923,
        "logical_qubits": 308,
        "toffoli_gates": 14257873,
        "qpe_iterations": 3941,
        "trotter_steps": 80
      }
    },
    "solvated": {
      "n_mm_charges": 24,
      "chemical_accuracy": {
        "target_error_hartree": 0.0016,
        "hamiltonian_1norm": 63.00193875542307,
        "logical_qubits": 314,
        "toffoli_gates": 142447459,
        "qpe_iterations": 39377,
        "trotter_steps": 80
      },
      "relaxed_accuracy": {
        "target_error_hartree": 0.016,
        "hamiltonian_1norm": 63.00193875542307,
        "logical_qubits": 308,
        "toffoli_gates": 14246358,
        "qpe_iterations": 3938,
        "trotter_steps": 80
      }
    },
    "analysis": {
      "mm_embedding_1norm_increase_percent": -0.08377633497466717,
      "error_relaxation_gate_reduction_percent": 89.99903075730163
    }
  }
}
