{
  "timestamp": "2025-11-27T19:13:48.389891",
  "catalyst_available": true,
  "catalyst_version": "0.13.0",
  "lightning_gpu_available": true,
  "system": {
    "qm_region": "H3O+",
    "n_atoms": 4,
    "total_charge": 1,
    "mm_waters": 8
  },
  "qpe_config": {
    "use_real_qpe": true,
    "n_estimation_wires": 4,
    "base_time": "auto",
    "n_trotter_steps": 10,
    "n_shots": 100,
    "active_electrons": 4,
    "active_orbitals": 4,
    "energy_warning_threshold": 1.0,
    "algorithm": "standard",
    "mapping": "jordan_wigner",
    "device_type": "auto"
  },
  "quantum_resources": {
    "active_electrons": 4,
    "active_orbitals": 4,
    "system_qubits": 8,
    "estimation_qubits": 4,
    "total_qubits": 12
  },
  "solvation_effect_hf": {
    "energy_vacuum_hartree": -75.32646419098312,
    "energy_solvated_hartree": -75.33215481688731,
    "stabilization_hartree": 0.00569062590419378,
    "stabilization_kcal_mol": 3.5709212467650966,
    "mm_embedding_active": true
  },
  "solvation_effect_standard_qpe": {
    "device": "lightning.gpu",
    "energy_vacuum_hartree": -76.50344019396731,
    "energy_solvated_hartree": -76.5092197359012,
    "energy_hf_solvated": -75.33215481688734,
    "stabilization_hartree": 0.0057795419338901866,
    "stabilization_kcal_mol": 3.626716891210271,
    "mm_embedding_active": true,
    "charges_vacuum": {
      "O0": 0.8476946302212331,
      "H1": -0.05377016858279715,
      "H2": 0.10303777427730565,
      "H3": 0.10303776408425747
    },
    "charges_solvated": {
      "O0": 0.8480638329976768,
      "H1": 0.3132970946503616,
      "H2": -0.24623087314759928,
      "H3": 0.0848699454995655
    },
    "execution_time_vacuum_s": 32.571277015002124,
    "execution_time_solvated_s": 33.42268123499889,
    "execution_time_total_s": 65.99395825000101
  },
  "solvation_effect_catalyst_qpe": {
    "device": "lightning.qubit",
    "energy_vacuum_hartree": -76.5034401939673,
    "energy_solvated_hartree": -76.50921973590124,
    "energy_hf_solvated": -75.33215481688737,
    "stabilization_hartree": 0.00577954193394703,
    "stabilization_kcal_mol": 3.6267168912459407,
    "mm_embedding_active": true,
    "charges_vacuum": {
      "O0": 0.8476946302212287,
      "H1": -0.05377016858279715,
      "H2": 0.10303776925572439,
      "H3": 0.1030377691058455
    },
    "charges_solvated": {
      "O0": 0.8480638329976733,
      "H1": 0.31329709465013045,
      "H2": -0.24623087314767877,
      "H3": 0.0848699454998757
    },
    "execution_time_vacuum_s": 77.07646064599976,
    "execution_time_solvated_s": 83.46078360699903,
    "execution_time_total_s": 160.5372442529988
  },
  "eftqc_resources": {
    "vacuum": {
      "chemical_accuracy": {
        "target_error_hartree": 0.0016,
        "hamiltonian_1norm": 63.05476372549923,
        "logical_qubits": 314,
        "toffoli_gates": 142564912,
        "qpe_iterations": 39410,
        "trotter_steps": 80
      },
      "relaxed_accuracy": {
        "target_error_hartree": 0.016,
        "hamiltonian_1norm": 63.05476372549923,
        "logical_qubits": 308,
        "toffoli_gates": 14257873,
        "qpe_iterations": 3941,
        "trotter_steps": 80
      }
    },
    "solvated": {
      "n_mm_charges": 24,
      "chemical_accuracy": {
        "target_error_hartree": 0.0016,
        "hamiltonian_1norm": 63.00193875542307,
        "logical_qubits": 314,
        "toffoli_gates": 142447459,
        "qpe_iterations": 39377,
        "trotter_steps": 80
      },
      "relaxed_accuracy": {
        "target_error_hartree": 0.016,
        "hamiltonian_1norm": 63.00193875542308,
        "logical_qubits": 308,
        "toffoli_gates": 14246358,
        "qpe_iterations": 3938,
        "trotter_steps": 80
      }
    },
    "analysis": {
      "mm_embedding_1norm_increase_percent": -0.08377633497466717,
      "error_relaxation_gate_reduction_percent": 89.99903075730163
    }
  }
}
