{
  "timestamp": "2025-11-26T14:32:11.312027",
  "catalyst_available": true,
  "catalyst_version": "0.13.0",
  "lightning_gpu_available": true,
  "system": {
    "qm_region": "H3O+",
    "n_atoms": 4,
    "total_charge": 1,
    "mm_waters": 8
  },
  "qpe_config": {
    "use_real_qpe": true,
    "n_estimation_wires": 4,
    "base_time": 0.1,
    "n_trotter_steps": 10,
    "n_shots": 100,
    "active_electrons": 4,
    "active_orbitals": 4,
    "energy_warning_threshold": 1.0,
    "algorithm": "standard",
    "mapping": "jordan_wigner",
    "device_type": "auto"
  },
  "quantum_resources": {
    "active_electrons": 4,
    "active_orbitals": 4,
    "system_qubits": 8,
    "estimation_qubits": 4,
    "total_qubits": 12
  },
  "results_standard": {
    "device": "lightning.gpu",
    "energy": -29.1775417702152,
    "energy_hf": -75.32646419098322,
    "execution_time_s": 33.132822055998986,
    "atomic_charges": {
      "O0": 0.8478182151943257,
      "H1": -0.05380719590467953,
      "H2": 0.10299448843972503,
      "H3": 0.1029944922706254
    }
  },
  "results_catalyst": {
    "device": "lightning.gpu",
    "energy": -30.7483380970101,
    "energy_hf": -75.3264641909832,
    "execution_time_s": 75.91340085800039,
    "atomic_charges": {
      "O0": 0.8478182151943336,
      "H1": -0.05380719590468064,
      "H2": 0.10299449139473404,
      "H3": 0.10299448931561417
    },
    "catalyst_enabled": true
  }
}
