{
  "timestamp": "2026-01-21T23:04:16.932221",
  "catalyst_available": true,
  "catalyst_version": "0.14.0",
  "lightning_gpu_available": true,
  "jax_cuda_available": true,
  "jax_backend": "gpu",
  "system": {
    "qm_region": "H3O+",
    "n_atoms": 4,
    "total_charge": 1,
    "mm_waters": 8
  },
  "qpe_config": {
    "use_real_qpe": true,
    "n_estimation_wires": 4,
    "base_time": "auto",
    "n_trotter_steps": 10,
    "n_shots": 100,
    "active_electrons": 4,
    "active_orbitals": 4,
    "energy_warning_threshold": 1.0,
    "algorithm": "standard",
    "mapping": "jordan_wigner",
    "device_type": "auto"
  },
  "quantum_resources": {
    "active_electrons": 4,
    "active_orbitals": 4,
    "system_qubits": 8,
    "estimation_qubits": 4,
    "total_qubits": 12
  },
  "solvation_effect_hf": {
    "energy_vacuum_hartree": -75.32646419098319,
    "energy_solvated_hartree": -75.33215481688737,
    "stabilization_hartree": 0.005690625904179569,
    "stabilization_kcal_mol": 3.5709212467561793,
    "mm_embedding_active": true
  },
  "solvation_effect_standard_qpe": {
    "device": "lightning.gpu",
    "energy_vacuum_hartree": -76.50344019396734,
    "energy_solvated_hartree": -76.50921973590124,
    "energy_hf_solvated": -75.33215481688737,
    "stabilization_hartree": 0.005779541933904397,
    "stabilization_kcal_mol": 3.6267168912191883,
    "mm_embedding_active": true,
    "charges_vacuum": {
      "O0": 0.847694630221226,
      "H1": -0.0537701685827956,
      "H2": 0.10303776801409159,
      "H3": 0.10303777034747863
    },
    "charges_solvated": {
      "O0": 0.8480638329976804,
      "H1": 0.31329709465114786,
      "H2": -0.2462308731474352,
      "H3": 0.08486994549861182
    },
    "execution_time_vacuum_s": 31.318423348999204,
    "execution_time_solvated_s": 32.05880372899992,
    "execution_time_total_s": 63.37722707799912
  },
  "solvation_effect_catalyst_qpe": {
    "pennylane_device": "lightning.gpu",
    "jax_backend": "gpu",
    "effective_backend": "GPU (JAX CUDA)",
    "has_jax_cuda": true,
    "energy_vacuum_hartree": -76.50344019396731,
    "energy_solvated_hartree": -76.5092197359012,
    "energy_hf_solvated": -75.33215481688734,
    "stabilization_hartree": 0.0057795419338901866,
    "stabilization_kcal_mol": 3.626716891210271,
    "mm_embedding_active": true,
    "charges_vacuum": {
      "O0": 0.8476946302212323,
      "H1": -0.05377016858279737,
      "H2": 0.10303777052841079,
      "H3": 0.10303776783315388
    },
    "charges_solvated": {
      "O0": 0.8480638329976795,
      "H1": 0.31329709465080013,
      "H2": -0.24623087314728775,
      "H3": 0.08486994549881255
    },
    "execution_time_vacuum_s": 79.3636957560002,
    "execution_time_solvated_s": 91.5082391850001,
    "execution_time_total_s": 170.8719349410003
  },
  "eftqc_resources": {
    "vacuum": {
      "chemical_accuracy": {
        "target_error_hartree": 0.0016,
        "hamiltonian_1norm": 63.05476372549923,
        "logical_qubits": 314,
        "toffoli_gates": 142564912,
        "qpe_iterations": 39410,
        "trotter_steps": 80
      },
      "relaxed_accuracy": {
        "target_error_hartree": 0.016,
        "hamiltonian_1norm": 63.05476372549923,
        "logical_qubits": 308,
        "toffoli_gates": 14257873,
        "qpe_iterations": 3941,
        "trotter_steps": 80
      }
    },
    "solvated": {
      "n_mm_charges": 24,
      "chemical_accuracy": {
        "target_error_hartree": 0.0016,
        "hamiltonian_1norm": 63.00193875542307,
        "logical_qubits": 314,
        "toffoli_gates": 142447459,
        "qpe_iterations": 39377,
        "trotter_steps": 80
      },
      "relaxed_accuracy": {
        "target_error_hartree": 0.016,
        "hamiltonian_1norm": 63.00193875542307,
        "logical_qubits": 308,
        "toffoli_gates": 14246358,
        "qpe_iterations": 3938,
        "trotter_steps": 80
      }
    },
    "analysis": {
      "mm_embedding_1norm_increase_percent": -0.08377633497466717,
      "error_relaxation_gate_reduction_percent": 89.99903075730163
    }
  }
}
