{
  "timestamp": "2026-01-22T06:48:18.939685",
  "catalyst_available": true,
  "catalyst_version": "0.14.0",
  "lightning_gpu_available": true,
  "jax_cuda_available": true,
  "jax_backend": "gpu",
  "system": {
    "qm_region": "H3O+",
    "n_atoms": 4,
    "total_charge": 1,
    "mm_waters": 8
  },
  "qpe_config": {
    "use_real_qpe": true,
    "n_estimation_wires": 4,
    "base_time": "auto",
    "n_trotter_steps": 10,
    "n_shots": 100,
    "active_electrons": 4,
    "active_orbitals": 4,
    "energy_warning_threshold": 1.0,
    "algorithm": "standard",
    "mapping": "jordan_wigner",
    "device_type": "auto"
  },
  "quantum_resources": {
    "active_electrons": 4,
    "active_orbitals": 4,
    "system_qubits": 8,
    "estimation_qubits": 4,
    "total_qubits": 12
  },
  "solvation_effect_hf": {
    "energy_vacuum_hartree": -75.32646419098315,
    "energy_solvated_hartree": -75.3321548168874,
    "stabilization_hartree": 0.0056906259042506235,
    "stabilization_kcal_mol": 3.5709212468007663,
    "mm_embedding_active": true
  },
  "solvation_effect_standard_qpe": {
    "device": "lightning.gpu",
    "energy_vacuum_hartree": -76.5034401939673,
    "energy_solvated_hartree": -76.5092197359012,
    "energy_hf_solvated": -75.33215481688734,
    "stabilization_hartree": 0.005779541933904397,
    "stabilization_kcal_mol": 3.6267168912191883,
    "mm_embedding_active": true,
    "charges_vacuum": {
      "O0": 0.8476946302212358,
      "H1": -0.05377016858279826,
      "H2": 0.10303777467551545,
      "H3": 0.10303776368605067
    },
    "charges_solvated": {
      "O0": 0.8480638329976786,
      "H1": 0.3132970946508796,
      "H2": -0.24623087314750314,
      "H3": 0.08486994549895088
    },
    "execution_time_vacuum_s": 29.174257185004535,
    "execution_time_solvated_s": 30.32055321399821,
    "execution_time_total_s": 59.494810399002745
  },
  "solvation_effect_catalyst_qpe": {
    "pennylane_device": "lightning.gpu",
    "jax_backend": "gpu",
    "effective_backend": "GPU (JAX CUDA)",
    "has_jax_cuda": true,
    "energy_vacuum_hartree": -76.50344019396726,
    "energy_solvated_hartree": -76.5092197359012,
    "energy_hf_solvated": -75.33215481688734,
    "stabilization_hartree": 0.005779541933932819,
    "stabilization_kcal_mol": 3.6267168912370233,
    "mm_embedding_active": true,
    "charges_vacuum": {
      "O0": 0.8476946302212296,
      "H1": -0.05377016858279715,
      "H2": 0.10303777048158147,
      "H3": 0.1030377678799893
    },
    "charges_solvated": {
      "O0": 0.8480638329976777,
      "H1": 0.3132970946506263,
      "H2": -0.24623087314745384,
      "H3": 0.08486994549915428
    },
    "execution_time_vacuum_s": 75.76206987500336,
    "execution_time_solvated_s": 86.0616541950003,
    "execution_time_total_s": 161.82372407000366
  },
  "eftqc_resources": {
    "vacuum": {
      "chemical_accuracy": {
        "target_error_hartree": 0.0016,
        "hamiltonian_1norm": 63.05476372549923,
        "logical_qubits": 314,
        "toffoli_gates": 142564912,
        "qpe_iterations": 39410,
        "trotter_steps": 80
      },
      "relaxed_accuracy": {
        "target_error_hartree": 0.016,
        "hamiltonian_1norm": 63.05476372549923,
        "logical_qubits": 308,
        "toffoli_gates": 14257873,
        "qpe_iterations": 3941,
        "trotter_steps": 80
      }
    },
    "solvated": {
      "n_mm_charges": 24,
      "chemical_accuracy": {
        "target_error_hartree": 0.0016,
        "hamiltonian_1norm": 63.00193875542307,
        "logical_qubits": 314,
        "toffoli_gates": 142447459,
        "qpe_iterations": 39377,
        "trotter_steps": 80
      },
      "relaxed_accuracy": {
        "target_error_hartree": 0.016,
        "hamiltonian_1norm": 63.00193875542308,
        "logical_qubits": 308,
        "toffoli_gates": 14246358,
        "qpe_iterations": 3938,
        "trotter_steps": 80
      }
    },
    "analysis": {
      "mm_embedding_1norm_increase_percent": -0.08377633497466717,
      "error_relaxation_gate_reduction_percent": 89.99903075730163
    }
  }
}
