{
  "timestamp": "2025-11-26T14:41:10.385684",
  "catalyst_available": true,
  "catalyst_version": "0.13.0",
  "lightning_gpu_available": true,
  "system": {
    "qm_region": "H3O+",
    "n_atoms": 4,
    "total_charge": 1,
    "mm_waters": 8
  },
  "qpe_config": {
    "use_real_qpe": true,
    "n_estimation_wires": 4,
    "base_time": 0.1,
    "n_trotter_steps": 10,
    "n_shots": 100,
    "active_electrons": 4,
    "active_orbitals": 4,
    "energy_warning_threshold": 1.0,
    "algorithm": "standard",
    "mapping": "jordan_wigner",
    "device_type": "auto"
  },
  "quantum_resources": {
    "active_electrons": 4,
    "active_orbitals": 4,
    "system_qubits": 8,
    "estimation_qubits": 4,
    "total_qubits": 12
  },
  "results_standard": {
    "device": "lightning.gpu",
    "energy": -25.52544031041707,
    "energy_hf": -75.32646419098323,
    "execution_time_s": 39.126693300000625,
    "atomic_charges": {
      "O0": 0.8478182151943283,
      "H1": -0.053807195904678196,
      "H2": 0.10299448950675372,
      "H3": 0.10299449120359438
    }
  },
  "results_catalyst": {
    "device": "lightning.qubit",
    "energy": -28.784842688516477,
    "energy_hf": -75.3264641909832,
    "execution_time_s": 81.35595689900038,
    "atomic_charges": {
      "O0": 0.8478182151943283,
      "H1": -0.053807195904677085,
      "H2": 0.1029944893980328,
      "H3": 0.10299449131231664
    },
    "catalyst_enabled": true
  }
}
